DoctorID,DoctorName,Specialty,Phone,Address,DOB
D00001,Doctor_1,Pediatrics,5511063807,"912 Clinic Rd, City_47",1950-08-29
D00002,Doctor_2,General,2473270768,"854 Clinic Rd, City_31",1963-08-07
D00003,Doctor_3,Neurology,3010720369,"346 Clinic Rd, City_7",1961-10-14
D00004,Doctor_4,Pediatrics,9708568312,"772 Clinic Rd, City_82",1955-09-19
D00005,Doctor_5,Pediatrics,8297052982,"215 Clinic Rd, City_25",1978-07-17
D00006,Doctor_6,Orthopedics,6112246423,"722 Clinic Rd, City_79",1954-07-02
D00007,Doctor_7,General,9778741448,"846 Clinic Rd, City_93",1978-06-02
D00008,Doctor_8,Neurology,5303920558,"530 Clinic Rd, City_27",1975-10-26
D00009,Doctor_9,General,9885049998,"146 Clinic Rd, City_90",1972-05-01
D00010,Doctor_10,Cardiology,4899508556,"510 Clinic Rd, City_56",1985-03-16
D00011,Doctor_11,Neurology,1582188361,"365 Clinic Rd, City_97",1974-02-16
D00012,Doctor_12,Orthopedics,7006539830,"862 Clinic Rd, City_74",1967-06-09
D00013,Doctor_13,Pediatrics,3185738340,"273 Clinic Rd, City_7",1956-10-14
D00014,Doctor_14,Neurology,2713351685,"698 Clinic Rd, City_55",1981-03-15
D00015,Doctor_15,General,1871290387,"575 Clinic Rd, City_97",1969-03-25
D00016,Doctor_16,Cardiology,2956379478,"899 Clinic Rd, City_72",1977-12-23
D00017,Doctor_17,Cardiology,4806856674,"535 Clinic Rd, City_41",1968-05-21
D00018,Doctor_18,Neurology,8887554861,"776 Clinic Rd, City_66",1977-09-01
D00019,Doctor_19,General,1240597152,"699 Clinic Rd, City_66",1956-03-17
D00020,Doctor_20,Oncology,7845162723,"494 Clinic Rd, City_84",1953-03-20
D00021,Doctor_21,General,7913072852,"843 Clinic Rd, City_33",1967-08-01
D00022,Doctor_22,Orthopedics,3521314609,"577 Clinic Rd, City_12",1964-12-11
D00023,Doctor_23,Pediatrics,4464881610,"469 Clinic Rd, City_15",1993-04-11
D00024,Doctor_24,General,9346192496,"614 Clinic Rd, City_15",1970-05-16
D00025,Doctor_25,General,9950359631,"155 Clinic Rd, City_28",1970-06-18
D00026,Doctor_26,General,4070035357,"403 Clinic Rd, City_48",1956-02-01
D00027,Doctor_27,Neurology,6023260898,"617 Clinic Rd, City_87",1988-06-16
D00028,Doctor_28,Orthopedics,1013181109,"775 Clinic Rd, City_41",1992-07-22
D00029,Doctor_29,Orthopedics,7143942316,"376 Clinic Rd, City_89",1994-03-14
D00030,Doctor_30,Cardiology,7827053954,"450 Clinic Rd, City_14",1987-08-07
D00031,Doctor_31,Orthopedics,8565900736,"426 Clinic Rd, City_57",1989-03-05
D00032,Doctor_32,Orthopedics,9755559103,"662 Clinic Rd, City_75",1990-08-08
D00033,Doctor_33,Neurology,9789232932,"719 Clinic Rd, City_27",1976-10-12
D00034,Doctor_34,Neurology,7425515430,"440 Clinic Rd, City_29",1993-08-04
D00035,Doctor_35,Oncology,9797152861,"200 Clinic Rd, City_100",1994-10-27
D00036,Doctor_36,Cardiology,9936308010,"455 Clinic Rd, City_34",1952-01-24
D00037,Doctor_37,General,6226219079,"856 Clinic Rd, City_20",1950-10-18
D00038,Doctor_38,Pediatrics,9243862613,"727 Clinic Rd, City_45",1974-12-23
D00039,Doctor_39,Pediatrics,8478996699,"171 Clinic Rd, City_48",1981-07-27
D00040,Doctor_40,General,5971502106,"467 Clinic Rd, City_45",1993-02-11
D00041,Doctor_41,Pediatrics,8418296919,"655 Clinic Rd, City_32",1988-01-06
D00042,Doctor_42,General,6936722711,"981 Clinic Rd, City_62",1991-08-01
D00043,Doctor_43,Neurology,3246336605,"160 Clinic Rd, City_81",1975-07-12
D00044,Doctor_44,Oncology,7215897945,"288 Clinic Rd, City_46",1983-07-30
D00045,Doctor_45,Orthopedics,7361461862,"855 Clinic Rd, City_85",1957-03-06
D00046,Doctor_46,Cardiology,7713738648,"517 Clinic Rd, City_87",1978-10-02
D00047,Doctor_47,General,1224071845,"820 Clinic Rd, City_19",1952-07-11
D00048,Doctor_48,Oncology,8578638888,"938 Clinic Rd, City_53",1966-08-03
D00049,Doctor_49,Pediatrics,5755782387,"432 Clinic Rd, City_32",1966-06-14
D00050,Doctor_50,General,5365181316,"511 Clinic Rd, City_42",1955-05-17
D00051,Doctor_51,Neurology,3177176366,"538 Clinic Rd, City_79",1975-10-30
D00052,Doctor_52,Neurology,7916432135,"397 Clinic Rd, City_45",1951-03-16
D00053,Doctor_53,Orthopedics,1735979068,"229 Clinic Rd, City_87",1990-06-24
D00054,Doctor_54,Pediatrics,7039310541,"898 Clinic Rd, City_51",1956-11-05
D00055,Doctor_55,Neurology,9017957570,"175 Clinic Rd, City_77",1987-04-10
D00056,Doctor_56,Orthopedics,8257339208,"883 Clinic Rd, City_95",1963-05-27
D00057,Doctor_57,Orthopedics,7458713645,"263 Clinic Rd, City_9",1966-10-19
D00058,Doctor_58,Orthopedics,2621285493,"419 Clinic Rd, City_38",1987-11-28
D00059,Doctor_59,Orthopedics,4633639584,"299 Clinic Rd, City_25",1965-04-12
D00060,Doctor_60,Oncology,8177946232,"498 Clinic Rd, City_78",1979-05-18
D00061,Doctor_61,Pediatrics,4761199283,"762 Clinic Rd, City_44",1965-06-16
D00062,Doctor_62,Cardiology,3759195422,"698 Clinic Rd, City_84",1978-03-01
D00063,Doctor_63,Neurology,8717583273,"461 Clinic Rd, City_92",1971-03-06
D00064,Doctor_64,Oncology,6960881563,"624 Clinic Rd, City_70",1951-01-15
D00065,Doctor_65,General,8909547694,"580 Clinic Rd, City_73",1954-09-30
D00066,Doctor_66,Oncology,5320452751,"988 Clinic Rd, City_50",1962-10-14
D00067,Doctor_67,Cardiology,6810444853,"691 Clinic Rd, City_75",1986-04-15
D00068,Doctor_68,Oncology,5070961157,"229 Clinic Rd, City_75",1987-01-28
D00069,Doctor_69,Orthopedics,7052626608,"720 Clinic Rd, City_3",1972-10-02
D00070,Doctor_70,Cardiology,8560736642,"640 Clinic Rd, City_38",1962-09-15
D00071,Doctor_71,Cardiology,1125604334,"396 Clinic Rd, City_82",1965-08-10
D00072,Doctor_72,Orthopedics,9594633622,"972 Clinic Rd, City_53",1970-07-06
D00073,Doctor_73,Oncology,5815750908,"162 Clinic Rd, City_47",1984-06-07
D00074,Doctor_74,Cardiology,1847740880,"163 Clinic Rd, City_37",1962-08-18
D00075,Doctor_75,Neurology,7037467795,"481 Clinic Rd, City_67",1975-01-24
D00076,Doctor_76,Cardiology,7820788783,"494 Clinic Rd, City_66",1971-11-07
D00077,Doctor_77,Oncology,7164269012,"328 Clinic Rd, City_7",1971-05-29
D00078,Doctor_78,Orthopedics,2204078424,"485 Clinic Rd, City_46",1977-08-19
D00079,Doctor_79,Orthopedics,6085723631,"279 Clinic Rd, City_27",1973-12-23
D00080,Doctor_80,Neurology,1664748992,"709 Clinic Rd, City_79",1975-07-07
D00081,Doctor_81,Oncology,4551283980,"407 Clinic Rd, City_100",1980-06-25
D00082,Doctor_82,Cardiology,4916680968,"878 Clinic Rd, City_80",1970-05-10
D00083,Doctor_83,Neurology,3397834961,"532 Clinic Rd, City_94",1976-01-16
D00084,Doctor_84,General,8250179693,"272 Clinic Rd, City_84",1983-04-13
D00085,Doctor_85,Cardiology,1773905805,"876 Clinic Rd, City_77",1993-04-29
D00086,Doctor_86,Oncology,4016019125,"815 Clinic Rd, City_39",1960-10-28
D00087,Doctor_87,Oncology,9685344453,"996 Clinic Rd, City_11",1993-07-22
D00088,Doctor_88,Cardiology,1115214211,"248 Clinic Rd, City_66",1989-01-28
D00089,Doctor_89,General,8029367548,"411 Clinic Rd, City_96",1988-05-09
D00090,Doctor_90,Pediatrics,5650223840,"275 Clinic Rd, City_46",1970-06-04
D00091,Doctor_91,Orthopedics,3935957616,"701 Clinic Rd, City_53",1955-06-28
D00092,Doctor_92,Neurology,9100697695,"225 Clinic Rd, City_64",1976-06-04
D00093,Doctor_93,Orthopedics,8408410412,"172 Clinic Rd, City_74",1979-10-19
D00094,Doctor_94,Pediatrics,5569160417,"134 Clinic Rd, City_16",1982-02-02
D00095,Doctor_95,Neurology,2788073894,"764 Clinic Rd, City_89",1964-07-19
D00096,Doctor_96,Cardiology,5197072058,"758 Clinic Rd, City_7",1974-05-23
D00097,Doctor_97,Pediatrics,2041635490,"249 Clinic Rd, City_45",1988-06-21
D00098,Doctor_98,Orthopedics,2310044389,"292 Clinic Rd, City_97",1975-04-17
D00099,Doctor_99,Oncology,2603648810,"306 Clinic Rd, City_24",1974-08-15
D00100,Doctor_100,Neurology,7802779853,"881 Clinic Rd, City_79",1986-12-01
D00101,Doctor_101,Oncology,3567809022,"547 Clinic Rd, City_33",1951-04-09
D00102,Doctor_102,Pediatrics,1814945026,"813 Clinic Rd, City_49",1993-01-06
D00103,Doctor_103,Pediatrics,1647932178,"674 Clinic Rd, City_85",1990-12-29
D00104,Doctor_104,General,1617693472,"817 Clinic Rd, City_60",1993-10-28
D00105,Doctor_105,Orthopedics,7264015796,"362 Clinic Rd, City_70",1985-04-10
D00106,Doctor_106,Cardiology,4936220708,"868 Clinic Rd, City_59",1968-12-07
D00107,Doctor_107,Cardiology,1175937191,"398 Clinic Rd, City_9",1981-02-27
D00108,Doctor_108,Oncology,4628618703,"375 Clinic Rd, City_33",1959-08-08
D00109,Doctor_109,Orthopedics,4302168959,"929 Clinic Rd, City_41",1983-10-26
D00110,Doctor_110,General,5764241338,"653 Clinic Rd, City_84",1961-01-17
D00111,Doctor_111,General,5938159647,"683 Clinic Rd, City_32",1987-07-09
D00112,Doctor_112,Pediatrics,2136464269,"781 Clinic Rd, City_1",1989-07-23
D00113,Doctor_113,Orthopedics,9069038876,"952 Clinic Rd, City_3",1975-10-18
D00114,Doctor_114,Neurology,6715492995,"113 Clinic Rd, City_16",1966-09-28
D00115,Doctor_115,Oncology,2069460294,"819 Clinic Rd, City_26",1953-08-08
D00116,Doctor_116,Pediatrics,1698866752,"989 Clinic Rd, City_38",1953-05-08
D00117,Doctor_117,Pediatrics,7764493367,"617 Clinic Rd, City_23",1991-12-04
D00118,Doctor_118,General,2189023085,"923 Clinic Rd, City_76",1962-10-27
D00119,Doctor_119,General,2610799638,"165 Clinic Rd, City_38",1988-12-31
D00120,Doctor_120,Orthopedics,9427391203,"664 Clinic Rd, City_40",1989-11-19
D00121,Doctor_121,Pediatrics,3497247900,"952 Clinic Rd, City_34",1961-09-15
D00122,Doctor_122,Neurology,5301265893,"339 Clinic Rd, City_99",1973-10-17
D00123,Doctor_123,Oncology,5017560505,"711 Clinic Rd, City_91",1973-06-17
D00124,Doctor_124,Cardiology,5428426650,"703 Clinic Rd, City_94",1966-09-15
D00125,Doctor_125,Oncology,4924020618,"320 Clinic Rd, City_13",1991-02-26
D00126,Doctor_126,Cardiology,7377346982,"598 Clinic Rd, City_24",1969-02-12
D00127,Doctor_127,Orthopedics,8833191147,"443 Clinic Rd, City_88",1987-02-18
D00128,Doctor_128,General,3117248421,"202 Clinic Rd, City_82",1965-07-29
D00129,Doctor_129,General,9690083638,"960 Clinic Rd, City_82",1953-11-04
D00130,Doctor_130,Cardiology,2213340424,"597 Clinic Rd, City_93",1954-04-24
D00131,Doctor_131,Neurology,9378175374,"681 Clinic Rd, City_94",1974-12-18
D00132,Doctor_132,Orthopedics,2667371710,"964 Clinic Rd, City_18",1953-05-09
D00133,Doctor_133,Pediatrics,6687606506,"910 Clinic Rd, City_100",1983-01-05
D00134,Doctor_134,Cardiology,2444692588,"315 Clinic Rd, City_59",1953-08-30
D00135,Doctor_135,Orthopedics,7631976468,"121 Clinic Rd, City_28",1959-09-22
D00136,Doctor_136,General,8313594618,"981 Clinic Rd, City_88",1979-04-01
D00137,Doctor_137,General,7853583823,"393 Clinic Rd, City_75",1985-08-16
D00138,Doctor_138,Pediatrics,9313077026,"643 Clinic Rd, City_43",1964-12-22
D00139,Doctor_139,Orthopedics,6306412784,"405 Clinic Rd, City_24",1953-09-07
D00140,Doctor_140,Cardiology,7267973945,"789 Clinic Rd, City_33",1988-11-21
D00141,Doctor_141,Orthopedics,6226505949,"475 Clinic Rd, City_24",1977-05-24
D00142,Doctor_142,Orthopedics,9844453924,"473 Clinic Rd, City_83",1993-10-23
D00143,Doctor_143,General,4742145397,"464 Clinic Rd, City_83",1980-07-23
D00144,Doctor_144,General,7920274307,"562 Clinic Rd, City_21",1953-10-16
D00145,Doctor_145,Oncology,7514085737,"439 Clinic Rd, City_71",1971-07-21
D00146,Doctor_146,General,7541028673,"312 Clinic Rd, City_86",1981-10-25
D00147,Doctor_147,Orthopedics,7528326767,"448 Clinic Rd, City_68",1968-11-23
D00148,Doctor_148,Pediatrics,7069336241,"144 Clinic Rd, City_3",1967-10-22
D00149,Doctor_149,Pediatrics,5117607363,"830 Clinic Rd, City_13",1965-06-11
D00150,Doctor_150,General,3870153924,"492 Clinic Rd, City_27",1983-11-05
D00151,Doctor_151,Neurology,9180913132,"124 Clinic Rd, City_23",1986-05-26
D00152,Doctor_152,Pediatrics,3130990431,"701 Clinic Rd, City_63",1971-10-04
D00153,Doctor_153,General,8121224221,"177 Clinic Rd, City_81",1977-01-16
D00154,Doctor_154,Pediatrics,5341195280,"951 Clinic Rd, City_97",1981-09-29
D00155,Doctor_155,Cardiology,3088745083,"232 Clinic Rd, City_79",1974-07-09
D00156,Doctor_156,Oncology,3339818667,"186 Clinic Rd, City_68",1986-01-02
D00157,Doctor_157,Oncology,2667416323,"672 Clinic Rd, City_21",1972-11-03
D00158,Doctor_158,Orthopedics,1202700763,"538 Clinic Rd, City_35",1985-03-07
D00159,Doctor_159,Cardiology,4759824234,"824 Clinic Rd, City_21",1978-01-21
D00160,Doctor_160,General,7885922753,"945 Clinic Rd, City_99",1988-10-16
D00161,Doctor_161,Neurology,2676669570,"428 Clinic Rd, City_16",1985-06-20
D00162,Doctor_162,General,9423362537,"810 Clinic Rd, City_36",1972-11-09
D00163,Doctor_163,Pediatrics,7805365360,"631 Clinic Rd, City_96",1986-02-24
D00164,Doctor_164,Neurology,5493014707,"250 Clinic Rd, City_83",1993-08-22
D00165,Doctor_165,Oncology,1278712663,"662 Clinic Rd, City_79",1993-01-31
D00166,Doctor_166,Pediatrics,2051289354,"340 Clinic Rd, City_18",1959-07-08
D00167,Doctor_167,Pediatrics,2175806825,"584 Clinic Rd, City_44",1983-12-22
D00168,Doctor_168,Cardiology,1010586950,"390 Clinic Rd, City_34",1985-12-25
D00169,Doctor_169,Orthopedics,5881043560,"831 Clinic Rd, City_69",1979-08-25
D00170,Doctor_170,Pediatrics,4833347593,"865 Clinic Rd, City_42",1983-06-01
D00171,Doctor_171,Pediatrics,9137736973,"865 Clinic Rd, City_38",1958-03-11
D00172,Doctor_172,Pediatrics,5154567953,"968 Clinic Rd, City_78",1972-01-31
D00173,Doctor_173,Neurology,6233431860,"125 Clinic Rd, City_80",1959-02-15
D00174,Doctor_174,Orthopedics,9631131989,"835 Clinic Rd, City_81",1988-01-02
D00175,Doctor_175,Orthopedics,7195559067,"630 Clinic Rd, City_95",1990-10-23
D00176,Doctor_176,Oncology,8290659327,"540 Clinic Rd, City_65",1984-01-14
D00177,Doctor_177,Oncology,4226069851,"508 Clinic Rd, City_13",1972-10-22
D00178,Doctor_178,Oncology,8629768559,"849 Clinic Rd, City_50",1973-06-07
D00179,Doctor_179,Pediatrics,5295239996,"317 Clinic Rd, City_22",1970-05-07
D00180,Doctor_180,Oncology,6341921177,"448 Clinic Rd, City_12",1976-05-07
D00181,Doctor_181,Orthopedics,3401386992,"279 Clinic Rd, City_3",1983-08-17
D00182,Doctor_182,Orthopedics,7913767656,"294 Clinic Rd, City_35",1988-08-05
D00183,Doctor_183,Pediatrics,4931372422,"363 Clinic Rd, City_26",1967-01-24
D00184,Doctor_184,Cardiology,6097714264,"922 Clinic Rd, City_27",1987-07-15
D00185,Doctor_185,Orthopedics,8477782560,"228 Clinic Rd, City_8",1978-02-23
D00186,Doctor_186,Oncology,1788271234,"187 Clinic Rd, City_60",1988-10-06
D00187,Doctor_187,Cardiology,6385003644,"617 Clinic Rd, City_7",1986-11-21
D00188,Doctor_188,General,2015532811,"725 Clinic Rd, City_84",1974-11-25
D00189,Doctor_189,General,8870987348,"710 Clinic Rd, City_96",1987-09-20
D00190,Doctor_190,Oncology,3463925860,"983 Clinic Rd, City_24",1988-02-27
D00191,Doctor_191,Neurology,8753934663,"289 Clinic Rd, City_98",1969-05-29
D00192,Doctor_192,Oncology,1584406339,"194 Clinic Rd, City_91",1985-08-14
D00193,Doctor_193,Oncology,8246174965,"359 Clinic Rd, City_43",1992-02-20
D00194,Doctor_194,Oncology,5788710954,"385 Clinic Rd, City_96",1964-08-27
D00195,Doctor_195,Neurology,2883056262,"364 Clinic Rd, City_16",1974-12-05
D00196,Doctor_196,General,3438274335,"166 Clinic Rd, City_21",1966-12-21
D00197,Doctor_197,Orthopedics,3875183714,"899 Clinic Rd, City_55",1982-10-22
D00198,Doctor_198,Pediatrics,9267875550,"506 Clinic Rd, City_69",1954-09-22
D00199,Doctor_199,Oncology,2769414882,"614 Clinic Rd, City_25",1964-01-01
D00200,Doctor_200,Cardiology,2076056688,"405 Clinic Rd, City_55",1961-07-27
D00201,Doctor_201,General,9685120933,"296 Clinic Rd, City_79",1962-12-19
D00202,Doctor_202,Orthopedics,7472463665,"282 Clinic Rd, City_40",1954-08-15
D00203,Doctor_203,General,6078897865,"295 Clinic Rd, City_21",1983-04-08
D00204,Doctor_204,Cardiology,6136347629,"180 Clinic Rd, City_65",1986-10-31
D00205,Doctor_205,Neurology,4179794815,"967 Clinic Rd, City_16",1979-10-21
D00206,Doctor_206,General,7381955576,"951 Clinic Rd, City_100",1987-11-23
D00207,Doctor_207,Neurology,5715449070,"169 Clinic Rd, City_76",1968-10-27
D00208,Doctor_208,Pediatrics,9697528852,"914 Clinic Rd, City_82",1987-01-30
D00209,Doctor_209,General,8127098547,"589 Clinic Rd, City_68",1977-10-25
D00210,Doctor_210,Orthopedics,2592860360,"776 Clinic Rd, City_62",1977-02-18
D00211,Doctor_211,Neurology,4438603664,"377 Clinic Rd, City_3",1992-02-09
D00212,Doctor_212,Pediatrics,2406388348,"131 Clinic Rd, City_6",1992-06-05
D00213,Doctor_213,Oncology,3349856452,"644 Clinic Rd, City_39",1963-07-26
D00214,Doctor_214,Orthopedics,8326364643,"343 Clinic Rd, City_4",1969-08-04
D00215,Doctor_215,Neurology,2956287925,"657 Clinic Rd, City_78",1966-06-07
D00216,Doctor_216,Orthopedics,8263558067,"258 Clinic Rd, City_38",1980-12-14
D00217,Doctor_217,Oncology,3122597014,"214 Clinic Rd, City_19",1985-08-28
D00218,Doctor_218,General,9857363180,"903 Clinic Rd, City_28",1969-08-08
D00219,Doctor_219,Cardiology,2039410715,"754 Clinic Rd, City_14",1986-12-25
D00220,Doctor_220,Pediatrics,8948888929,"318 Clinic Rd, City_34",1951-03-08
D00221,Doctor_221,Cardiology,2329916605,"915 Clinic Rd, City_51",1987-11-23
D00222,Doctor_222,Oncology,9841389237,"708 Clinic Rd, City_60",1981-07-25
D00223,Doctor_223,Neurology,3503528580,"117 Clinic Rd, City_48",1992-11-01
D00224,Doctor_224,Cardiology,2727234380,"262 Clinic Rd, City_59",1952-09-13
D00225,Doctor_225,Neurology,9676039121,"182 Clinic Rd, City_71",1952-12-06
D00226,Doctor_226,General,5947673456,"796 Clinic Rd, City_18",1993-11-13
D00227,Doctor_227,Neurology,1904625317,"651 Clinic Rd, City_29",1956-05-22
D00228,Doctor_228,Oncology,7710190832,"776 Clinic Rd, City_34",1980-07-11
D00229,Doctor_229,Oncology,4548583516,"273 Clinic Rd, City_35",1980-08-13
D00230,Doctor_230,Neurology,8723259073,"901 Clinic Rd, City_12",1975-11-06
D00231,Doctor_231,General,6900174172,"260 Clinic Rd, City_100",1993-11-01
D00232,Doctor_232,Cardiology,5768578831,"918 Clinic Rd, City_58",1980-01-09
D00233,Doctor_233,Pediatrics,9574112387,"129 Clinic Rd, City_91",1987-07-01
D00234,Doctor_234,Orthopedics,1372620627,"145 Clinic Rd, City_14",1974-07-18
D00235,Doctor_235,General,2954135913,"348 Clinic Rd, City_81",1973-07-30
D00236,Doctor_236,General,7858701392,"402 Clinic Rd, City_80",1979-08-06
D00237,Doctor_237,Oncology,3641162550,"605 Clinic Rd, City_65",1991-11-26
D00238,Doctor_238,Neurology,3083142073,"614 Clinic Rd, City_47",1980-08-21
D00239,Doctor_239,Neurology,3776608077,"471 Clinic Rd, City_76",1957-07-26
D00240,Doctor_240,Orthopedics,4535472596,"637 Clinic Rd, City_33",1959-04-14
D00241,Doctor_241,Oncology,4787597580,"619 Clinic Rd, City_72",1967-09-17
D00242,Doctor_242,General,3410501313,"322 Clinic Rd, City_77",1957-07-10
D00243,Doctor_243,Pediatrics,2888853293,"965 Clinic Rd, City_91",1953-12-08
D00244,Doctor_244,Cardiology,1170851312,"545 Clinic Rd, City_72",1956-05-20
D00245,Doctor_245,General,3906377373,"476 Clinic Rd, City_84",1958-09-10
D00246,Doctor_246,Pediatrics,9247602444,"567 Clinic Rd, City_96",1968-12-06
D00247,Doctor_247,Oncology,4296548420,"661 Clinic Rd, City_8",1989-02-05
D00248,Doctor_248,Orthopedics,4496984091,"851 Clinic Rd, City_68",1950-07-21
D00249,Doctor_249,Orthopedics,2584103461,"238 Clinic Rd, City_11",1982-11-03
D00250,Doctor_250,Pediatrics,4925323948,"835 Clinic Rd, City_6",1961-03-31
D00251,Doctor_251,Pediatrics,8452031001,"652 Clinic Rd, City_37",1966-07-16
D00252,Doctor_252,Cardiology,6122709491,"675 Clinic Rd, City_2",1981-02-05
D00253,Doctor_253,Cardiology,1302013426,"528 Clinic Rd, City_86",1987-12-07
D00254,Doctor_254,Oncology,5267218044,"438 Clinic Rd, City_1",1986-04-03
D00255,Doctor_255,Pediatrics,8638025932,"809 Clinic Rd, City_74",1959-04-09
D00256,Doctor_256,Cardiology,8267799394,"416 Clinic Rd, City_56",1972-04-11
D00257,Doctor_257,General,5806410672,"894 Clinic Rd, City_98",1990-06-12
D00258,Doctor_258,Orthopedics,6839403635,"994 Clinic Rd, City_43",1980-10-06
D00259,Doctor_259,Orthopedics,9202144438,"764 Clinic Rd, City_18",1965-03-07
D00260,Doctor_260,Pediatrics,6658987049,"658 Clinic Rd, City_87",1988-07-06
D00261,Doctor_261,Cardiology,9653090804,"822 Clinic Rd, City_45",1964-03-14
D00262,Doctor_262,Neurology,2991149700,"116 Clinic Rd, City_16",1968-03-20
D00263,Doctor_263,General,8181237893,"439 Clinic Rd, City_36",1971-03-20
D00264,Doctor_264,Pediatrics,8401818706,"470 Clinic Rd, City_98",1950-03-14
D00265,Doctor_265,Cardiology,5818409949,"142 Clinic Rd, City_60",1986-12-24
D00266,Doctor_266,Neurology,7579831610,"828 Clinic Rd, City_35",1974-10-19
D00267,Doctor_267,Oncology,6838791301,"367 Clinic Rd, City_44",1991-09-26
D00268,Doctor_268,General,8763965711,"503 Clinic Rd, City_84",1983-12-04
D00269,Doctor_269,Pediatrics,9300186257,"263 Clinic Rd, City_52",1955-11-15
D00270,Doctor_270,Pediatrics,6317995700,"384 Clinic Rd, City_93",1965-12-03
D00271,Doctor_271,Oncology,6348799180,"951 Clinic Rd, City_35",1969-09-13
D00272,Doctor_272,General,2608803032,"653 Clinic Rd, City_39",1968-10-07
D00273,Doctor_273,Pediatrics,9624239773,"513 Clinic Rd, City_87",1956-08-09
D00274,Doctor_274,Orthopedics,2256081492,"974 Clinic Rd, City_98",1955-05-02
D00275,Doctor_275,Oncology,1299358767,"503 Clinic Rd, City_12",1992-06-30
D00276,Doctor_276,Neurology,8453854994,"573 Clinic Rd, City_10",1976-06-23
D00277,Doctor_277,General,3510616539,"631 Clinic Rd, City_8",1993-03-29
D00278,Doctor_278,Neurology,5205632157,"140 Clinic Rd, City_33",1959-02-18
D00279,Doctor_279,General,6723333291,"379 Clinic Rd, City_75",1962-12-22
D00280,Doctor_280,Neurology,8890422786,"641 Clinic Rd, City_96",1982-02-28
D00281,Doctor_281,Orthopedics,9625066038,"326 Clinic Rd, City_31",1979-12-12
D00282,Doctor_282,Cardiology,9393263750,"989 Clinic Rd, City_85",1955-04-02
D00283,Doctor_283,General,8352668470,"204 Clinic Rd, City_58",1989-05-25
D00284,Doctor_284,Cardiology,5325737106,"111 Clinic Rd, City_52",1975-11-22
D00285,Doctor_285,General,5957933371,"374 Clinic Rd, City_25",1988-03-09
D00286,Doctor_286,Orthopedics,2675049826,"724 Clinic Rd, City_6",1953-11-25
D00287,Doctor_287,Neurology,5593936794,"614 Clinic Rd, City_36",1988-01-01
D00288,Doctor_288,Pediatrics,5576454466,"972 Clinic Rd, City_62",1954-05-02
D00289,Doctor_289,Orthopedics,7824759456,"349 Clinic Rd, City_52",1952-07-03
D00290,Doctor_290,General,6620560781,"819 Clinic Rd, City_92",1964-03-08
D00291,Doctor_291,Pediatrics,6409518983,"442 Clinic Rd, City_31",1993-09-20
D00292,Doctor_292,Oncology,3724448303,"135 Clinic Rd, City_74",1986-07-14
D00293,Doctor_293,Oncology,1150967836,"256 Clinic Rd, City_52",1987-06-02
D00294,Doctor_294,Neurology,2005899691,"116 Clinic Rd, City_72",1954-12-04
D00295,Doctor_295,Orthopedics,5175264433,"992 Clinic Rd, City_36",1992-05-09
D00296,Doctor_296,Cardiology,1931654591,"233 Clinic Rd, City_93",1985-09-29
D00297,Doctor_297,Pediatrics,3794456622,"915 Clinic Rd, City_25",1971-09-18
D00298,Doctor_298,Pediatrics,9759845070,"275 Clinic Rd, City_54",1965-05-09
D00299,Doctor_299,Cardiology,3893285242,"723 Clinic Rd, City_80",1964-11-11
D00300,Doctor_300,General,3761031902,"153 Clinic Rd, City_29",1955-06-21
D00301,Doctor_301,Cardiology,3045992180,"673 Clinic Rd, City_58",1980-05-08
D00302,Doctor_302,Cardiology,4320021193,"553 Clinic Rd, City_23",1985-10-08
D00303,Doctor_303,Oncology,4130754523,"600 Clinic Rd, City_67",1964-01-24
D00304,Doctor_304,Orthopedics,8109620457,"797 Clinic Rd, City_36",1994-07-21
D00305,Doctor_305,General,4226058641,"708 Clinic Rd, City_16",1966-02-25
D00306,Doctor_306,Oncology,4878622907,"584 Clinic Rd, City_17",1972-12-17
D00307,Doctor_307,General,5582033398,"360 Clinic Rd, City_43",1958-09-05
D00308,Doctor_308,Pediatrics,4848506629,"268 Clinic Rd, City_48",1971-02-03
D00309,Doctor_309,Pediatrics,5049408278,"266 Clinic Rd, City_80",1972-03-19
D00310,Doctor_310,Cardiology,2701174876,"430 Clinic Rd, City_84",1993-11-04
D00311,Doctor_311,Neurology,6005045873,"503 Clinic Rd, City_36",1991-06-17
D00312,Doctor_312,Pediatrics,6226713820,"175 Clinic Rd, City_19",1959-08-15
D00313,Doctor_313,Orthopedics,4644931707,"908 Clinic Rd, City_62",1959-12-09
D00314,Doctor_314,Pediatrics,5588399177,"198 Clinic Rd, City_75",1982-10-17
D00315,Doctor_315,General,3292299968,"902 Clinic Rd, City_91",1958-12-06
D00316,Doctor_316,Pediatrics,9961689692,"181 Clinic Rd, City_33",1964-06-28
D00317,Doctor_317,Oncology,8554881405,"165 Clinic Rd, City_81",1963-10-16
D00318,Doctor_318,General,6621240659,"904 Clinic Rd, City_93",1991-07-30
D00319,Doctor_319,Cardiology,2738643296,"553 Clinic Rd, City_33",1963-06-10
D00320,Doctor_320,Pediatrics,5676307741,"777 Clinic Rd, City_84",1973-08-15
D00321,Doctor_321,General,1571520849,"111 Clinic Rd, City_58",1989-01-27
D00322,Doctor_322,Oncology,2983918605,"270 Clinic Rd, City_78",1960-10-30
D00323,Doctor_323,Oncology,3968036711,"603 Clinic Rd, City_98",1984-10-16
D00324,Doctor_324,Orthopedics,9031858175,"299 Clinic Rd, City_86",1954-01-21
D00325,Doctor_325,Oncology,5023447521,"744 Clinic Rd, City_56",1961-08-12
D00326,Doctor_326,Oncology,1445036145,"569 Clinic Rd, City_30",1971-06-06
D00327,Doctor_327,Pediatrics,6259189112,"564 Clinic Rd, City_99",1960-11-02
D00328,Doctor_328,Cardiology,8918527192,"286 Clinic Rd, City_50",1972-08-03
D00329,Doctor_329,Orthopedics,9074537716,"531 Clinic Rd, City_74",1979-03-07
D00330,Doctor_330,Orthopedics,5095037625,"454 Clinic Rd, City_29",1958-03-13
D00331,Doctor_331,General,5820315296,"844 Clinic Rd, City_35",1975-02-16
D00332,Doctor_332,Orthopedics,3860482417,"563 Clinic Rd, City_21",1989-05-09
D00333,Doctor_333,Cardiology,6945042472,"682 Clinic Rd, City_13",1983-09-01
D00334,Doctor_334,Orthopedics,5372788809,"793 Clinic Rd, City_70",1958-10-02
D00335,Doctor_335,Pediatrics,5064961674,"864 Clinic Rd, City_73",1966-06-07
D00336,Doctor_336,Pediatrics,5375599849,"182 Clinic Rd, City_13",1969-02-07
D00337,Doctor_337,Neurology,4694041062,"701 Clinic Rd, City_46",1984-03-19
D00338,Doctor_338,Cardiology,1948888781,"156 Clinic Rd, City_20",1973-04-24
D00339,Doctor_339,Cardiology,2863644555,"672 Clinic Rd, City_21",1951-07-30
D00340,Doctor_340,Neurology,8219682613,"392 Clinic Rd, City_81",1971-02-16
D00341,Doctor_341,Pediatrics,9238755978,"154 Clinic Rd, City_29",1953-04-29
D00342,Doctor_342,General,8180652917,"133 Clinic Rd, City_57",1971-12-11
D00343,Doctor_343,Pediatrics,4626100364,"774 Clinic Rd, City_68",1979-12-29
D00344,Doctor_344,Neurology,8763123486,"727 Clinic Rd, City_93",1969-05-13
D00345,Doctor_345,Oncology,8536017750,"597 Clinic Rd, City_51",1980-10-06
D00346,Doctor_346,Oncology,7947929628,"569 Clinic Rd, City_53",1952-08-02
D00347,Doctor_347,Pediatrics,1307623177,"297 Clinic Rd, City_16",1985-03-03
D00348,Doctor_348,Oncology,9447891581,"328 Clinic Rd, City_53",1955-04-30
D00349,Doctor_349,Oncology,3321951166,"482 Clinic Rd, City_3",1984-07-06
D00350,Doctor_350,Neurology,4556887798,"854 Clinic Rd, City_13",1983-11-21
D00351,Doctor_351,Neurology,4813536960,"627 Clinic Rd, City_31",1980-10-04
D00352,Doctor_352,Cardiology,3136901213,"704 Clinic Rd, City_27",1955-07-13
D00353,Doctor_353,Neurology,4925866083,"935 Clinic Rd, City_15",1981-02-23
D00354,Doctor_354,Cardiology,7547691400,"298 Clinic Rd, City_14",1965-10-18
D00355,Doctor_355,Pediatrics,4043289276,"850 Clinic Rd, City_47",1991-07-05
D00356,Doctor_356,Orthopedics,2831656747,"974 Clinic Rd, City_26",1956-10-05
D00357,Doctor_357,Neurology,2973114133,"961 Clinic Rd, City_44",1960-12-25
D00358,Doctor_358,General,7248432752,"262 Clinic Rd, City_11",1984-10-24
D00359,Doctor_359,Orthopedics,6773180870,"676 Clinic Rd, City_94",1966-07-30
D00360,Doctor_360,Orthopedics,8757953707,"565 Clinic Rd, City_76",1972-09-14
D00361,Doctor_361,Pediatrics,4193115632,"977 Clinic Rd, City_98",1993-01-11
D00362,Doctor_362,General,8963802365,"732 Clinic Rd, City_6",1986-07-30
D00363,Doctor_363,Neurology,9765943571,"677 Clinic Rd, City_35",1958-02-11
D00364,Doctor_364,Neurology,6198986229,"650 Clinic Rd, City_100",1973-01-23
D00365,Doctor_365,Orthopedics,4320798623,"955 Clinic Rd, City_42",1980-06-21
D00366,Doctor_366,General,1193588582,"628 Clinic Rd, City_67",1957-04-08
D00367,Doctor_367,Pediatrics,1986089552,"343 Clinic Rd, City_17",1990-12-23
D00368,Doctor_368,Cardiology,2128702610,"181 Clinic Rd, City_93",1978-12-24
D00369,Doctor_369,Pediatrics,3183262336,"190 Clinic Rd, City_89",1993-03-21
D00370,Doctor_370,Orthopedics,8682879710,"817 Clinic Rd, City_70",1987-08-16
D00371,Doctor_371,Neurology,5711218768,"955 Clinic Rd, City_56",1955-12-25
D00372,Doctor_372,General,2028769568,"892 Clinic Rd, City_11",1956-05-01
D00373,Doctor_373,Neurology,5477696142,"430 Clinic Rd, City_50",1980-09-23
D00374,Doctor_374,Neurology,4340113796,"459 Clinic Rd, City_98",1971-07-23
D00375,Doctor_375,Oncology,2738562092,"280 Clinic Rd, City_9",1983-01-27
D00376,Doctor_376,Orthopedics,5960030492,"473 Clinic Rd, City_45",1993-04-10
D00377,Doctor_377,Pediatrics,6080886599,"818 Clinic Rd, City_52",1961-12-12
D00378,Doctor_378,Orthopedics,6189428063,"445 Clinic Rd, City_44",1983-04-28
D00379,Doctor_379,Pediatrics,7535455336,"654 Clinic Rd, City_21",1980-03-02
D00380,Doctor_380,General,6140206105,"258 Clinic Rd, City_21",1956-04-02
D00381,Doctor_381,Pediatrics,6871528320,"636 Clinic Rd, City_77",1984-12-11
D00382,Doctor_382,Neurology,6054288683,"450 Clinic Rd, City_75",1960-03-02
D00383,Doctor_383,Neurology,3713841059,"345 Clinic Rd, City_85",1955-01-07
D00384,Doctor_384,Orthopedics,4236118988,"510 Clinic Rd, City_33",1955-09-01
D00385,Doctor_385,General,7242610000,"147 Clinic Rd, City_28",1990-08-31
D00386,Doctor_386,Orthopedics,1046805596,"930 Clinic Rd, City_30",1955-12-30
D00387,Doctor_387,Neurology,9699146393,"836 Clinic Rd, City_18",1965-08-01
D00388,Doctor_388,Orthopedics,2942336117,"720 Clinic Rd, City_87",1973-09-04
D00389,Doctor_389,Neurology,2312152218,"838 Clinic Rd, City_40",1991-06-20
D00390,Doctor_390,Oncology,1881370164,"593 Clinic Rd, City_91",1991-03-31
D00391,Doctor_391,General,6154257495,"750 Clinic Rd, City_2",1991-12-08
D00392,Doctor_392,General,5420924946,"494 Clinic Rd, City_60",1977-07-20
D00393,Doctor_393,Orthopedics,4458512042,"478 Clinic Rd, City_80",1970-07-10
D00394,Doctor_394,Neurology,3977152998,"926 Clinic Rd, City_42",1956-06-22
D00395,Doctor_395,Orthopedics,2049577768,"627 Clinic Rd, City_69",1979-02-04
D00396,Doctor_396,General,9157505628,"308 Clinic Rd, City_48",1988-01-06
D00397,Doctor_397,Neurology,4978745891,"906 Clinic Rd, City_23",1992-09-04
D00398,Doctor_398,General,6801671113,"177 Clinic Rd, City_68",1971-02-24
D00399,Doctor_399,Orthopedics,7833580915,"426 Clinic Rd, City_85",1954-04-17
D00400,Doctor_400,Cardiology,7208760763,"735 Clinic Rd, City_29",1954-02-24
D00401,Doctor_401,General,3049184186,"298 Clinic Rd, City_76",1980-05-18
D00402,Doctor_402,Neurology,7628770406,"853 Clinic Rd, City_58",1984-02-01
D00403,Doctor_403,Pediatrics,4839595902,"811 Clinic Rd, City_5",1985-04-05
D00404,Doctor_404,Neurology,3947614843,"537 Clinic Rd, City_75",1968-01-24
D00405,Doctor_405,Oncology,4135592269,"999 Clinic Rd, City_72",1980-01-22
D00406,Doctor_406,Pediatrics,5826838405,"758 Clinic Rd, City_49",1956-03-20
D00407,Doctor_407,Orthopedics,4045581618,"595 Clinic Rd, City_22",1953-05-02
D00408,Doctor_408,General,4894278670,"571 Clinic Rd, City_51",1967-12-10
D00409,Doctor_409,Oncology,5427017043,"699 Clinic Rd, City_28",1965-03-16
D00410,Doctor_410,Neurology,8501335251,"659 Clinic Rd, City_81",1950-06-25
D00411,Doctor_411,Neurology,6394921150,"122 Clinic Rd, City_85",1951-07-18
D00412,Doctor_412,Pediatrics,7458769763,"415 Clinic Rd, City_21",1987-01-23
D00413,Doctor_413,Pediatrics,7224103955,"341 Clinic Rd, City_9",1953-09-22
D00414,Doctor_414,Cardiology,2987520644,"877 Clinic Rd, City_49",1979-10-05
D00415,Doctor_415,Neurology,8449446642,"854 Clinic Rd, City_30",1953-05-23
D00416,Doctor_416,Neurology,9531617341,"787 Clinic Rd, City_83",1959-10-31
D00417,Doctor_417,General,4250581737,"487 Clinic Rd, City_7",1965-01-16
D00418,Doctor_418,Cardiology,6045372403,"480 Clinic Rd, City_27",1969-03-01
D00419,Doctor_419,Oncology,4176923268,"767 Clinic Rd, City_10",1980-03-04
D00420,Doctor_420,Cardiology,4429449534,"656 Clinic Rd, City_64",1954-07-14
D00421,Doctor_421,Oncology,8460390882,"906 Clinic Rd, City_76",1978-02-16
D00422,Doctor_422,Cardiology,6274318446,"158 Clinic Rd, City_12",1975-12-12
D00423,Doctor_423,Neurology,8037679040,"707 Clinic Rd, City_33",1959-04-02
D00424,Doctor_424,Neurology,7106963524,"787 Clinic Rd, City_89",1990-01-10
D00425,Doctor_425,Pediatrics,4085364263,"488 Clinic Rd, City_94",1982-06-29
D00426,Doctor_426,Oncology,5478543303,"192 Clinic Rd, City_54",1989-09-28
D00427,Doctor_427,Oncology,9506261742,"541 Clinic Rd, City_75",1979-09-25
D00428,Doctor_428,Orthopedics,3859447943,"468 Clinic Rd, City_45",1994-12-15
D00429,Doctor_429,Oncology,7828164842,"144 Clinic Rd, City_77",1986-12-18
D00430,Doctor_430,Oncology,2692054020,"662 Clinic Rd, City_40",1950-05-04
D00431,Doctor_431,General,1818548188,"706 Clinic Rd, City_45",1960-04-09
D00432,Doctor_432,Cardiology,2699433585,"999 Clinic Rd, City_63",1957-06-15
D00433,Doctor_433,Pediatrics,6815104148,"782 Clinic Rd, City_56",1978-01-15
D00434,Doctor_434,General,4991816812,"500 Clinic Rd, City_27",1951-10-18
D00435,Doctor_435,Oncology,6998209933,"631 Clinic Rd, City_70",1960-02-06
D00436,Doctor_436,Cardiology,7934535652,"998 Clinic Rd, City_53",1950-12-28
D00437,Doctor_437,Pediatrics,9543312608,"666 Clinic Rd, City_70",1959-07-19
D00438,Doctor_438,Cardiology,6662717707,"876 Clinic Rd, City_30",1983-07-29
D00439,Doctor_439,Oncology,1814539652,"914 Clinic Rd, City_21",1981-08-23
D00440,Doctor_440,Orthopedics,7995231712,"438 Clinic Rd, City_60",1991-07-06
D00441,Doctor_441,Pediatrics,5365940664,"601 Clinic Rd, City_74",1980-09-10
D00442,Doctor_442,Cardiology,9892375305,"971 Clinic Rd, City_12",1955-09-13
D00443,Doctor_443,Neurology,7803707086,"431 Clinic Rd, City_50",1982-07-05
D00444,Doctor_444,Cardiology,7574091492,"681 Clinic Rd, City_27",1953-09-30
D00445,Doctor_445,Pediatrics,4269615723,"867 Clinic Rd, City_14",1992-03-14
D00446,Doctor_446,Oncology,2521350890,"891 Clinic Rd, City_16",1961-11-26
D00447,Doctor_447,General,7219520583,"859 Clinic Rd, City_44",1992-09-29
D00448,Doctor_448,Neurology,2509988721,"212 Clinic Rd, City_31",1989-03-30
D00449,Doctor_449,General,4080612947,"544 Clinic Rd, City_37",1959-08-26
D00450,Doctor_450,Cardiology,3027383614,"212 Clinic Rd, City_44",1991-01-31
D00451,Doctor_451,Orthopedics,2226448833,"107 Clinic Rd, City_65",1982-03-30
D00452,Doctor_452,Pediatrics,7615530731,"254 Clinic Rd, City_94",1965-01-27
D00453,Doctor_453,Cardiology,8708924285,"600 Clinic Rd, City_75",1952-07-15
D00454,Doctor_454,General,9778324317,"202 Clinic Rd, City_91",1950-03-07
D00455,Doctor_455,Pediatrics,7900256124,"988 Clinic Rd, City_19",1952-11-05
D00456,Doctor_456,Oncology,2193387108,"399 Clinic Rd, City_87",1970-12-20
D00457,Doctor_457,Cardiology,8999736359,"566 Clinic Rd, City_66",1958-10-13
D00458,Doctor_458,Orthopedics,5667558139,"301 Clinic Rd, City_76",1962-10-03
D00459,Doctor_459,Pediatrics,6978179300,"569 Clinic Rd, City_64",1978-03-19
D00460,Doctor_460,Pediatrics,4331683577,"118 Clinic Rd, City_97",1992-10-13
D00461,Doctor_461,General,1032593427,"847 Clinic Rd, City_80",1980-08-25
D00462,Doctor_462,Orthopedics,9304111515,"391 Clinic Rd, City_53",1976-12-04
D00463,Doctor_463,Pediatrics,5421123574,"658 Clinic Rd, City_45",1959-12-03
D00464,Doctor_464,Oncology,9582788462,"538 Clinic Rd, City_97",1972-05-03
D00465,Doctor_465,Pediatrics,8444959993,"218 Clinic Rd, City_79",1957-09-10
D00466,Doctor_466,Cardiology,3274654018,"425 Clinic Rd, City_72",1991-10-09
D00467,Doctor_467,Orthopedics,1919284566,"151 Clinic Rd, City_55",1952-11-06
D00468,Doctor_468,Pediatrics,8451100656,"218 Clinic Rd, City_25",1962-12-16
D00469,Doctor_469,General,8859971534,"232 Clinic Rd, City_83",1983-09-10
D00470,Doctor_470,Cardiology,9542176869,"283 Clinic Rd, City_59",1951-01-24
D00471,Doctor_471,Pediatrics,6843388401,"373 Clinic Rd, City_25",1994-09-03
D00472,Doctor_472,General,6035894400,"688 Clinic Rd, City_20",1951-07-16
D00473,Doctor_473,Neurology,2204744743,"357 Clinic Rd, City_38",1975-09-02
D00474,Doctor_474,Oncology,7260065128,"613 Clinic Rd, City_82",1977-04-29
D00475,Doctor_475,Cardiology,3240405081,"340 Clinic Rd, City_94",1967-01-11
D00476,Doctor_476,Oncology,2316368220,"122 Clinic Rd, City_30",1990-12-30
D00477,Doctor_477,Cardiology,4572683360,"240 Clinic Rd, City_63",1990-10-15
D00478,Doctor_478,Neurology,2482720743,"341 Clinic Rd, City_5",1959-05-12
D00479,Doctor_479,Cardiology,8132399204,"336 Clinic Rd, City_7",1990-03-27
D00480,Doctor_480,Neurology,4299866617,"386 Clinic Rd, City_79",1974-10-09
D00481,Doctor_481,Orthopedics,9018747610,"327 Clinic Rd, City_6",1969-06-23
D00482,Doctor_482,Neurology,8215247609,"470 Clinic Rd, City_24",1953-04-03
D00483,Doctor_483,General,5887985138,"410 Clinic Rd, City_89",1965-04-12
D00484,Doctor_484,Orthopedics,4465232611,"258 Clinic Rd, City_66",1965-09-17
D00485,Doctor_485,Neurology,2124500460,"782 Clinic Rd, City_63",1960-04-18
D00486,Doctor_486,Cardiology,8925629587,"684 Clinic Rd, City_51",1975-02-14
D00487,Doctor_487,Cardiology,3185013298,"442 Clinic Rd, City_27",1954-10-16
D00488,Doctor_488,Oncology,9302806838,"708 Clinic Rd, City_13",1981-03-18
D00489,Doctor_489,General,2789475626,"749 Clinic Rd, City_1",1951-05-13
D00490,Doctor_490,Cardiology,5038310445,"393 Clinic Rd, City_98",1986-01-04
D00491,Doctor_491,General,7536760527,"336 Clinic Rd, City_55",1994-06-03
D00492,Doctor_492,Neurology,7898245602,"102 Clinic Rd, City_9",1972-04-21
D00493,Doctor_493,Orthopedics,4260057073,"806 Clinic Rd, City_44",1987-04-16
D00494,Doctor_494,General,6142422421,"669 Clinic Rd, City_17",1987-12-07
D00495,Doctor_495,Orthopedics,2232103360,"145 Clinic Rd, City_68",1965-11-08
D00496,Doctor_496,Cardiology,9308381464,"570 Clinic Rd, City_23",1967-08-12
D00497,Doctor_497,General,1841139417,"889 Clinic Rd, City_62",1967-08-06
D00498,Doctor_498,Orthopedics,8273192090,"280 Clinic Rd, City_38",1954-10-21
D00499,Doctor_499,Cardiology,4798585823,"630 Clinic Rd, City_65",1985-09-15
D00500,Doctor_500,Pediatrics,2966605936,"326 Clinic Rd, City_88",1975-05-07
